"0","n=20"
"0","valeurs = c(""a"",""c"",""g"",""t"")"
"0","adn = sample(valeurs, n ,rep=TRUE)"
"0","for (valeur in valeurs){"
"0","  print(valeur)"
"0","  print(sum(adn == valeur))"
"0","}"
"1","[1]"
"1"," ""a"""
"1","
"
"1","[1]"
"1"," 5"
"1","
"
"1","[1]"
"1"," ""c"""
"1","
"
"1","[1]"
"1"," 2"
"1","
"
"1","[1]"
"1"," ""g"""
"1","
"
"1","[1]"
"1"," 7"
"1","
"
"1","[1]"
"1"," ""t"""
"1","
"
"1","[1]"
"1"," 6"
"1","
"
"0","table(adn)"
"1","adn
"
"1","a "
"1","c "
"1","g "
"1","t "
"1","
"
"1","5 "
"1","2 "
"1","7 "
"1","6 "
"1","
"
"0","which(adn==""t"")"
"1","[1]"
"1","  1"
"1","  6"
"1"," 12"
"1"," 13"
"1"," 17"
"1"," 20"
"1","
"
